"cd_cvm","nome_companhia"
"001023","BCO BRASIL S.A."
"014206","BRB BCO DE BRASILIA S.A."
"002437","CENTRAIS ELET BRAS S.A. - ELETROBRAS"
"014451","CIA ENERGETICA DE BRASILIA"
"014540","VBC ENERGIA SA"
"014621","NET SERVIÇOS DE COMUNICAÇÃO S.A."
"015733","SHOPPING CENTER TACARUNA SA"
"014680","PARCOM PARTICIPACOES S.A. - EM LIQUIDAÇÃO"
"014613","NEUMARKT TRADE AND FINANCIAL CENTER S/A"
"014796","FORPART S.A. - EM LIQUIDAÇÃO"
"015334","BOMBRIL HOLDING SA"
"014818","CIMS S.A."
"011258","TELEC BRASILEIRAS S.A. TELEBRAS"
"015083","KOSMOS COMÉRCIO DE VESTUÁRIO S/A - EM RECUPERAÇÃO JUDICIAL"
"015423","ATOM EMPREENDIMENTOS E PARTICIPAÇÕES S.A."
"016772","BNDES PARTICIPACOES S.A. - BNDESPAR"
"016209","ELETRON S.A."
"014966","SERRA AZUL WATER PARK SA"
"022594","STATKRAFT ENERGIAS RENOVAVEIS S.A."
"018589","INVESTCO S.A."
"014915","GTD PARTICIPACOES SA"
"015091","LITEL PARTICIPACOES S.A."
"020990","AMERICANAS S.A."
"019577","CONC RODOVIA PRES. DUTRA S.A."
"015253","ENERGISA S.A."
"015261","SAUIPE SA"
"015199","SANTA CATARINA PART INVEST SA"
"015369","FERROVIA CENTRO-ATLANTICA S.A."
"015377","HOPI HARI SA"
"019208","CONC RIO-TERESOPOLIS S.A."
"015717","CAIXA ADM DIV PUB ESTADUAL SA"
"015652","COMERCIAL QUINTELLA COM EXP SA EM LIQUIDAÇÃO"
"021733","CIELO S.A."
"015539","NEOENERGIA S.A."
"015784","ELETROBRÁS PARTICIPAÇÕES S.A. - ELETROPAR"
"019887","UNIVERSO ONLINE SA"
"015865","ITAITINGA PARTICIPACOES S.A."
"015709","FERROVIA SUL-ATLANTICO S.A."
"015695","GRUCAI PARTICIPACOES S.A."
"015741","WTC AMAZONAS SUITE HOTEL S.A."
"018910","ITA ENERGETICA S/A"
"018988","VOTORANTIM FINANÇAS SA"
"015849","ENERGIPAR PARTICIPAÇÕES S.A."
"017949","MRS LOGISTICA S.A."
"020893","REDECARD S/A"
"016101","GAFISA S.A."
"016330","521 PARTICIPACOES S.A. - EM LIQUIDAÇÃO EXTRAJUDICIAL"
"006041","INVESTIMENTOS BEMGE S.A."
"016233","BELAPART SA"
"019186","SANEAMENTO DE GOIAS SA"
"017590","CONCES DA ROD OSÓRIO-POA S/A - CONCEPA"
"016195","AMERICEL SA"
"016225","VALETRON SA"
"016390","TAM S.A."
"016292","BRF S.A."
"016284","524 PARTICIPACOES S.A."
"020133","BV LEASING - ARRENDAMENTO MERCANTIL S.A."
"020044","CSU CARDSYSTEM S.A."
"019313","AES ELPA S.A."
"018708","CIA PARTICIPACOES ALIANCA DA BAHIA"
"016438","SUL 116 PARTICIPACOES S.A."
"016497","EMPRESA NAC COM REDITO PART S.A.ENCORPAR"
"016551","WTC RIO EMPREEND. E PARTICIPAÇÕES S.A."
"016535","RIO GRANDE ENERGIA SA"
"016527","RGE SUL DISTRIBUIDORA DE ENERGIA S.A."
"016586","SUDESTE S.A."
"016446","NUMERAL 80 PARTICIPAÇÕES S.A."
"018287","CIBRASEC - COMPANHIA BRASILEIRA DE SECURITIZACAO"
"018678","TELEMAR PARTICIPAÇÕES SA"
"016560","BONAIRE PARTICIPACOES S.A. - EM LIQUIDAÇÃO"
"016659","PORTO SEGURO S.A."
"016624","UPTICK PARTICIPACOES S.A."
"019143","EDITORA ABRIL S/A"
"016632","DEXXOS PARTICIPAÇÕES S.A."
"016675","CEL PARTICIPAÇÕES S.A. - CELPAR"
"016705","YBYRÁ S.A."
"016691","LIGA FUTEBOL SA"
"019151","RODONORTE - CONC. ROD. INTEGRADAS S.A."
"019011","EMPRESA CONC RODOV DO NORTE S.A.ECONORTE"
"016730","INEPAR ENERGIA SA"
"017868","INEPAR EQUIPAMENTOS E MONTAGENS S/A"
"020443","TRANSNORDESTINA LOGISTICA SA"
"017787","SUBESTAÇÃO ELETROMETRÔ S/A"
"019232","PRODUTORES ENERGET.DE MANSO S.A.- PROMAN"
"016985","EDP SÃO PAULO DISTRIBUIÇÃO DE ENERGIA S.A."
"016993","EMAE - EMPRESA METROP.AGUAS ENERGIA S.A."
"016950","DALETH PARTICIPAÇÕES SA - EM LIQUIDAÇÃO"
"017043","FG TRUST SA"
"017370","METALTRUST S/A (5212 PARTICIPAÇÕES S/A)"
"016942","OPPORTUNITY ENERGIA E PARTICIPACOES S.A."
"017485","ELEKTRO REDES S.A."
"017434","LONGDIS S.A."
"020800","TEGMA GESTAO LOGISTICA S.A."
"017337","RET PARTICIPACOES S.A."
"017361","ZAIN PARTICIPACOES S.A."
"018414","PADTEC HOLDING S.A."
"021830","VIANORTE S/A"
"017450","RUMO S.A."
"017442","LF TEL SA"
"019364","ITAPEBI GERACAO DE ENERGIA S.A."
"021024","CONC ROD.OESTE SP VIAOESTE S.A"
"018660","CPFL ENERGIA S.A."
"020192","CONC SIST ANHANG-BANDEIRANT S.A. AUTOBAN"
"017388","FUTURETEL S.A."
"017329","ENGIE BRASIL ENERGIA S.A."
"017418","TELINVEST S.A."
"017930","RUMO MALHA PAULISTA S.A."
"020397","CONC ECOVIAS IMIGRANTES S.A."
"017779","MAORI SA"
"022551","SOMOS EDUCAÇÃO S.A."
"021857","CENTROVIAS-SISTEMAS RODOVIARIOS S/A"
"017710","VIVO PARTICIPAÇÕES SA"
"017639","TIM PARTICIPACOES S.A."
"017647","EMBRATEL PARTICIPAÇÕES SA"
"017655","TELE NORTE LESTE PARTICIPAÇÕES SA"
"017604","TELE NORTE CELULAR PARTICIPAÇÕES SA"
"017671","TELEFÔNICA BRASIL S.A"
"017493","CAPITALPART PARTICIPAÇÕES SA"
"017558","INNCORP S.A."
"017540","NEWTEL PARTICIPACOES S.A."
"018430","REAL AI PIC SEC DE CREDITOS IMOBILIARIO S.A."
"018538","TERMINAL GARAGEM MENEZES CORTES S.A."
"021822","AUTOVIAS S/A"
"018554","PAN ARRENDAMENTO MERCANTIL S.A."
"019593","SANESALTO SANEAMENTO S.A."
"018236","PATRIA CIA SECURITIZADORA DE CRED IMOB"
"017922","BRAZILIAN FINANCE E REAL ESTATE S.A."
"017914","MMX MINERACAO E METALICOS S.A. - EM RECUPERAÇÃO JUDICIAL"
"017892","SANTOS BRASIL PARTICIPACOES S.A."
"017884","BETAPART PARTICIPACOES S.A."
"018406","RB SEC COMPANHIA DE SECURITIZAÇÃO"
"018066","ALTERE SECURITIZADORA S.A."
"018082","ALIUM PARTICIPAÇÕES SA"
"017965","GAMA PARTICIPACOES S.A."
"017973","COGNA EDUCAÇÃO S.A."
"018104","AETATIS SECURITIZADORA S.A."
"018112","COMPANHIA DE BEBIDAS DAS AMÉRICAS-AMBEV"
"018821","CCR S.A."
"022454","T4F ENTRETENIMENTO S.A."
"018902","VICUNHA SIDERURGIA SA"
"020575","JBS S.A."
"019771","ARTERIS S.A."
"021431","HYPERA S.A."
"020478","PDG REALTY S.A. EMPREEND E PARTICIPACOES - EM REC JUDICIAL"
"018716","CEMIG TELECOMUNICAÇÕES S.A."
"018333","PROMPT PARTICIPACOES S.A."
"018368","RIO PARANAPANEMA ENERGIA S.A."
"018350","AES TIETE SA"
"018376","CTEEP - CIA TRANSMISSÃO ENERGIA ELÉTRICA PAULISTA"
"019330","TPI - TRIUNFO PARTICIP. E INVEST. S.A."
"018929","MACHADINHO ENERGÉTICA SA"
"021849","CONCESSIONARIA DE RODOVIAS DO INTERIOR PAULISTA S/A"
"020010","EQUATORIAL ENERGIA S.A."
"018597","DTCOM - DIRECT TO COMPANY S.A."
"019879","LIGHT S.A."
"018872","RIOEST ESTACIONAMENTOS SA"
"019216","CP CIMENTO E PARTICIPAÇÕES S/A"
"014605","ENERGISA MATO GROSSO-DISTRIBUIDORA DE ENERGIA S/A"
"021415","BRZ INVESTIMENTOS S/A"
"020001","XX DE NOVEMBRO INVESTIMENTOS E PARTICIPAÇÕES S.A."
"019860","RB CAPITAL SECURITIZADORA S.A."
"018635","PRIVATINVEST PARTICIPAÇÕES SA"
"019437","ANDRADE GUTIERREZ CONCESSOES S.A."
"018651","ARAUCÁRIA PARTICIPAÇÕES SA"
"018775","INVESTIMENTOS E PARTICIP. EM INFRA S.A. - INVEPAR"
"018759","BRAZILIAN SECURITIES CIA SECURITIZACAO"
"019852","TERMOPERNAMBUCO S.A."
"018724","BRADESPAR S.A."
"020788","MARFRIG GLOBAL FOODS S.A."
"018953","CPFL GERACAO DE ENERGIA S.A."
"019763","EDP - ENERGIAS DO BRASIL S.A."
"019089","COARI PARTICIPAÇÕES SA"
"019119","CABINDA PARTICIPACOES S.A."
"019135","CACONDE PARTICIPACOES S.A."
"019062","ANDRADE GUTIERREZ PARTICIPACOES S.A."
"019100","ATMA PARTICIPAÇÕES S.A."
"019070","DOMMO EMPREENDIMENTOS IMOBILIÁRIOS S.A"
"019097","CAIANDA PARTICIPACOES S.A."
"018970","AES TIETE ENERGIA SA"
"019453","ECORODOVIAS INFRAESTRUTURA E LOGÍSTICA S.A."
"019275","CIA PIRATININGA DE FORCA E LUZ"
"019429","COMPANHIA PROVINCIA DE SECURITIZACAO"
"018961","ANHANGUERA EDUCACIONAL PARTICIPAÇÕES S.A."
"019380","BRPR 53 SECURITIZADORA DE CRÉDITOS IMOBILIÁRIOS S.A."
"019356","REC SÃO BERNARDO SECURITIZADORA DE CRÉDITOS IMOBILIÁRIOS S.A"
"021237","ENEVA S.A"
"021555","UNIDAS S.A."
"019224","NOVA ACAO PARTICIPACOES S.A."
"019240","CIA DE RECUPERAÇÃO SECUNDÁRIA"
"019305","BIOMM S.A."
"019607","BAESA-ENERGETICA BARRA GRANDE SA"
"019372","BRPR 51 SECURITIZADORA DE CRÉDITOS IMOBILIÁRIOS S.A."
"020613","METALFRIO SOLUTIONS S.A."
"018309","EQUATORIAL PARÁ DISTRIBUIDORA DE ENERGIA S.A."
"000922","BCO AMAZONIA S.A."
"009717","PORTUENSE FERRAGENS S/A"
"001171","BCO ESTADO DO PARA S.A."
"023221","SER EDUCACIONAL S.A."
"019500","BGPAR SA"
"019402","GLOBAL BRASIL SA"
"022683","CACHOEIRA PAULISTA TRANSMISSORA ENERGIA S.A."
"021717","TARPON INVESTIMENTOS S.A."
"080004","TELEFÓNICA, S.A."
"080047","WILSON SONS LTD."
"020354","TERRA SANTA AGRO S.A."
"022357","ALIANSCE SONAE SHOPPING CENTERS S.A."
"019470","CSA-COMPANHIA SECURITIZADORA DE ATIVOS"
"019518","PIPA CIA SECURITIZADORA DE CRÉDITOS IMOBILIÁRIOS"
"019542","FIBRA CIA SECURITIZADORA CRED IMOB"
"019585","UNIVER CIDADE TRUST DE RECEBIVEIS SA"
"019526","TESLA COMPANHIA SECURITIZADORA DE CRÉDITOS"
"021300","ALIANSCE SHOPPING CENTERS S.A."
"019984","BRPR 56 SECURITIZADORA CRED IMOB S.A."
"019569","GOL LINHAS AEREAS INTELIGENTES S.A."
"016608","EQUATORIAL MARANHÃO DISTRIBUIDORA DE ENERGIA S.A."
"019810","BRPR 44 SECURITIZADORA DE CRÉDITOS IMOBILIÁRIOS S.A."
"022608","EMPREENDIMENTOS PAGUE MENOS S.A."
"019917","TEMPO PARTICIPAÇOES S/A"
"019909","BR MALLS PARTICIPACOES S.A."
"019925","BR PROPERTIES S.A."
"020320","CEMIG GERACAO E TRANSMISSAO S.A."
"020303","CEMIG DISTRIBUICAO S.A."
"019747","BETA SECURITIZADORA S.A."
"019976","BRPR 52 SECURITIZADORA DE CRÉDITOS IMOBILIÁRIOS S.A."
"018546","CAGECE - CIA DE AGUA E ESGOTO DO CEARA"
"014869","CIA ENERGETICA DO CEARA - COELCE"
"019895","BRPR 45 SECURITIZADORA DE CRÉDITOS IMOBILIÁRIOS S.A."
"019690","BTG PACTUAL SECURITIZADORA S.A"
"019704","B.I. COMPANHIA SECURITIZADORA S/A"
"019720","BRAZIL REALTY CIA SECURIT. CRÉD. IMOBILIÁRIOS"
"011606","UNITEXTIL - UNIAO INDUSTRIAL TEXTIL S/A"
"020338","M.DIAS BRANCO S.A. IND COM DE ALIMENTOS"
"001228","BCO NORDESTE DO BRASIL S.A."
"014168","CARBOMIL SA MINER. E INDUSTRIA"
"019933","ITAUSEG PARTICIPAÇÕES SA"
"009520","PETROLEO LUB DO NORDESTE SA"
"021423","FLORESTAL BRASIL SA"
"005878","FAE - FERRAGENS APARELHOS ELÉTRICOS S/A"
"005991","VICUNHA TEXTIL SA"
"016268","MARINA DE IRACEMA PARK SA"
"020079","UNI CIDADE SPTRUST DE RECEBÍVEIS SA"
"021113","BANCO INDUSTRIAL E COMERCIAL S/A"
"020222","PLANETA SECURITIZADORA S.A."
"020150","AFLUENTE G&T DE ENERGIA ELÉTRICA S/A"
"020052","DINAMICA ENERGIA S.A."
"020087","EMBRAER S.A."
"020265","BROOKFIELD INCORPORAÇÕES S.A."
"019941","BRPR 55 SECURITIZADORA CRED IMOB S.A."
"020966","SPRINGS GLOBAL PARTICIPACOES S.A."
"020214","AMPLA INVESTIMENTOS E SERVIÇOS S/A"
"020982","MULTIPLAN - EMPREEND IMOBILIARIOS S.A."
"020630","CR2 EMPREENDIMENTOS IMOBILIARIOS S.A."
"020230","ACRUX SECURITIZADORA S/A"
"080020","GP INVESTMENTS, LTD."
"020257","TRANSMISSORA ALIANÇA DE ENERGIA ELÉTRICA S.A."
"020419","ONE PROPERTIES S.A."
"020176","CENTENNIAL ASSET PART. MINAS-RIO S/A"
"020184","CCX CARVÃO DA COLÔMBIA S.A. - EM LIQUIDAÇÃO"
"020168","ÓLEO E GÁS PARTICIPAÇÕES S.A."
"020435","TECNISA S.A."
"020370","LPS BRASIL - CONSULTORIA DE IMOVEIS S.A."
"020400","SAFRA COMPANHIA SECURITIZADORA DE CREDITOS IMOBILIARIOS"
"020460","TFA SECURITIZADORA S/A"
"022330","RJ CAPITAL PARTNERS S.A."
"020605","JHSF PARTICIPACOES S.A."
"020770","EZ TEC EMPREEND. E PARTICIPACOES S.A."
"018139","CIA ENERGETICA DO RIO GDE NORTE - COSERN"
"020915","MRV ENGENHARIA E PARTICIPACOES S.A."
"021490","ALUPAR INVESTIMENTO S/A"
"004669","GUARARAPES CONFECCOES S.A."
"011215","TECBLU TECELAGEM BLUMENAU S.A."
"020540","CPFL ENERGIAS RENOVÁVEIS S.A."
"020648","CIA ESTADUAL DE DISTRIB ENER ELET-CEEE-D"
"021636","RENOVA ENERGIA S.A. - EM RECUPERAÇÃO JUDICIAL"
"021393","CIA CELG DE PARTICIPACOES - CELGPAR"
"021539","REP REAL ESTATE PARTNERS DESENV IMOB SA"
"021180","BRASIL BROKERS PARTICIPACOES S.A."
"020834","SETIBA PARTICIPAÇÕES S/A"
"020850","ALLIS PARTICIPAÇÕES S.A."
"020672","BRC SECURITIZADORA S.A."
"020842","MAGNESITA REFRATARIOS S.A."
"020907","BHG S.A. - BRAZIL HOSPITALITY GROUP"
"021482","PRUMO LOGISTICA SA"
"021008","GENERAL SHOPPING E OUTLETS DO BRASIL BRASIL S.A."
"020818","ISEC SECURITIZADORA S.A."
"021040","CYRELA COMMERCIAL PROPERT S.A. EMPR PART"
"021016","YDUQS PARTICIPACOES S.A."
"021130","TRISUL S.A."
"021245","CENTENNIAL ASSET PARTICIPAÇÕES AÇU S.A."
"021903","ECORODOVIAS CONCESSÕES E SERVIÇOS S.A."
"021105","NOVA SECURITIZACAO S.A."
"021059","MATONE SECURITIZADORA S/A"
"080098","LAEP INVESTMENTS LTD"
"021520","MULTINER S/A"
"022438","INTERNATIONAL MEAL COMPANY HOLDINGS S/A"
"021075","VISION SECURITIZADORA S.A."
"080080","AGRENCO LIMITED"
"022560","INBRANDS S.A."
"022225","TRANSBRASILIANA CONCESSIONÁRIA DE RODOVIA S.A"
"021938","ENERGISA PARAÍBA - DISTRIBUIDORA DE ENERGIA S/A"
"021342","OSX BRASIL S.A."
"004685","CONPEL CIA NORDESTINA PAPEL - EM RECUPERAÇÃO JUDICIAL"
"019968","CIA DE AGUA E ESGOTO DA PARAIBA"
"022110","OMEGA ENERGIA RENOVÁVEL S/A"
"021261","MONTICIANO PARTICIPAÇÕES S/A"
"021814","FERROVIA NORTE SUL S/A"
"022519","TECHNOS S.A."
"021628","HABITASEC SECURITIZADORA SA"
"021997","AUTOPISTA LITORAL SUL"
"022004","AUTOPISTA FLUMINENSE SA"
"021970","AUTOPISTA PLANALTO SUL SA"
"021989","AUTOPISTA FERNÃO DIAS SA"
"021962","AUTOPISTA REGIS BITTENCOURT SA"
"021660","FAE ADM. E PARTICIPAÇÕES SA"
"021610","B3 S.A. - BRASIL, BOLSA, BALCÃO"
"022241","KAROON PETRÓLEO & GÁS SA"
"021792","CETIP S.A. - BALCÃO ORGANIZADO DE ATIVOS E DERIVATIVOS"
"021563","BERNA PARTICIPAÇÕES SA"
"022446","K INFRA RODOVIA DO AÇO S.A"
"021512","ÁQUILLA SECURITIZADORA S.A."
"021601","BASEL PARTICIPAÇÕES S/A"
"021598","BANJUL PARTICIPAÇÕES SA"
"021580","BELMONTE PARTICIPAÇÕES SA"
"021644","PDG COMPANHIA SECURITIZADORA - EM RECUPERAÇÃO JUDICIAL"
"021806","AGV HOLDING S/A"
"021652","CTX PARTICIPAÇÕES S/A"
"022691","CIA LOCAÇÃO DAS AMÉRICAS"
"021687","INVITEL LEGACY SA - EM LIQUIDAÇÃO"
"022063","NEXFUEL BIOENERGIA S/A"
"022144","CONCESSÃO METROVIÁRIA DO RIO DE JANEIRO S.A."
"021695","NPF SECURITIZADORA S/A"
"022179","AFLUENTE TRANSMISSÃO DE ENERGIA ELÉTRICA S/A"
"021725","ADVANCED DIGITAL HEALTH MEDICINA PREVENTIVA S.A."
"022047","METROPOLIS EMPREENDIMENTOS IMOBILIÁRIOS S/A"
"021750","INFRASEC SECURITIZADORA S.A."
"022268","CONC AUTO RAPOSO TAVARES S.A."
"021920","BARI SECURITIZADORA S.A."
"022187","PETRO RIO S.A."
"022543","VIARONDON CONCESSIONÁRIA DE RODOVIA S.A."
"022071","CONC ROTA DAS BANDEIRAS S.A."
"022721","CONC RODOVIAS DO TIETÊ S.A.- EM RECUPERAÇÃO JUDICIAL"
"021741","ECO SECURITIZADORA DIREITOS CRED AGRONEGÓCIO S.A."
"021865","BRAZAL BRASIL ALIMENTOS SA"
"014362","CIA ENERGETICA DE PERNAMBUCO - CELPE"
"022411","CONC ROD AYRTON SENNA E CARV PINTO S.A.-ECOPISTAS"
"021776","CENTENNIAL ASSET PARTICIPAÇÕES SUDESTE S/A"
"021784","EBX BRASIL S.A."
"022039","BOLERO PARTICIPAÇÕES S/A"
"021946","MULTIPLUS S.A."
"022101","AQUA-RIO S/A"
"022080","COMPANHIA PAULISTA DE SECURITIZAÇÃO"
"022152","POTHENCIA S.A. - REFLORESTADORA"
"022500","BRASIL PHARMA S.A."
"021954","3A COMPANHIA SECURITIZADORA"
"080110","DUFRY A.G."
"022756","SAAG INVESTIMENTOS S.A."
"022365","ENAUTA PARTICIPAÇÕES S.A."
"022420","TRX SECURITIZADORA S.A."
"026506","LUPO S.A."
"022217","ALPER CONSULTORIA E CORRETORA DE SEGUROS S.A."
"022098","CERVEJASONLINE PARTICIPAÇÕES S/A"
"022284","MCM CIMENTOS S/A"
"022497","QUALICORP CONSULTORIA E CORRETORA DE SEGUROS S.A."
"022195","ROPASC PARTICIPAÇÕES S.A."
"022209","PASCRO PARTICIPAÇÕES S.A."
"021067","MOURA DUBEUX ENGENHARIA S/A"
"022128","REDENTOR ENERGIA S/A"
"022276","TRUE SECURITIZADORA S.A."
"022390","OCTANTE SECURITIZADORA S.A."
"022160","POLO CAPITAL SECURITIZADORA S.A"
"022250","OURINVEST SECURITIZADORA SA"
"022314","CÁSPIO PARTICIPAÇÕES S/A"
"022322","VOSTOK PARTICIPAÇÕES SA"
"022462","MÊNFIS PARTICIPAÇÕES S.A."
"022292","STEIN SP II PARTICIPAÇÕES S.A."
"022527","PERENCO PETRÓLEO E GÁS DO BRASIL PARTICIPAÇÕES S.A."
"022233","BRASIL PLURAL SECURITIZADORA S.A."
"022675","HIDROVIAS DO BRASIL S.A."
"022748","PATMOS PARTICIPAÇÕES S.A."
"022713","EGEU PARTICIPAÇÕES S.A."
"022489","FORTE SECURITIZADORA S.A."
"001120","BCO ESTADO DE SERGIPE S.A. - BANESE"
"018996","ENERGISA SERGIPE - DISTRIBUIDORA DE ENERGIA S/A"
"009784","PRONOR PETROQUIMICA SA"
"009857","QGN PARTICIPAÇÕES SA"
"004359","ELEKEIROZ S.A."
"001597","PARTICIPAÇÕES INDUST. DO NORDESTE S.A."
"020729","PARANA BCO S.A."
"012696","SANSUY S.A. INDUSTRIA DE PLASTICOS"
"021156","J. MACEDO S.A."
"004863","CORREA RIBEIRO S.A. COMERCIO E INDUSTRIA"
"011398","TRONOX PIGMENTOS DO BRASIL S.A."
"006955","IND AZULEJOS BAHIA SA"
"014524","CIA ELETRICIDADE EST. DA BAHIA - COELBA"
"003069","CIA FERRO LIGAS DA BAHIA - FERBASA"
"003115","CIA SEGUROS ALIANCA DA BAHIA"
"005576","ENERGISA MATO GROSSO DO SUL - DIST DE ENERGIA S.A."
"008745","METANOR SA METANOL DO NE"
"013986","SUZANO S.A."
"022349","AREZZO INDÚSTRIA E COMÉRCIO S.A."
"021350","DIRECIONAL ENGENHARIA S.A."
"019739","LOCALIZA RENT A CAR S.A."
"002453","CIA ENERGETICA DE MINAS GERAIS - CEMIG"
"005983","FIACAO TEC SAO JOSE S.A."
"008818","MINASMAQUINAS S.A."
"004782","MENDES JUNIOR ENGENHARIA S.A."
"009954","ALFA HOLDINGS S.A."
"003891","FINANCEIRA ALFA S.A.- CRED FINANC E INVS"
"001325","BCO MERCANTIL DO BRASIL S.A."
"004707","CONSORCIO ALFA DE ADMINISTRACAO S.A."
"003077","CIA FIACAO TECIDOS CEDRO CACHOEIRA"
"019445","CIA SANEAMENTO DE MINAS GERAIS-COPASA MG"
"014028","VALE FERTILIZANTES S.A."
"003395","CIA INDUSTRIAL CATAGUASES"
"003271","ENERGISA MINAS GERAIS - DISTRIBUIDORA DE ENERGIA S/A"
"004111","CACHOEIRA VELONORTE"
"004081","CIA TECIDOS SANTANENSE"
"022373","ELETROSOM S/A"
"020621","FERTILIZANTES HERINGER S.A. - EM RECUPERAÇÃO JUDICIAL"
"003158","CIA TECIDOS NORTE DE MINAS COTEMINAS"
"014133","TEC TOY S.A."
"018490","CLARION S/A AGROINDUSTRIAL"
"015300","RUMO MALHA NORTE S.A."
"011800","WEMBLEY SOCIEDADE ANÔNIMA"
"002062","CAFE SOLUVEL BRASILIA SA"
"015890","MERCANTIL DO BRASIL LEASING SA"
"022012","MILLS ESTRUTURAS E SERVIÇOS DE ENGENHARIA S.A."
"001155","BANESTES S.A. - BCO EST ESPIRITO SANTO"
"015342","EDP ESPIRITO SANTO DISTRIBUIÇÃO DE ENERGIA S.A."
"020958","BCO ABC BRASIL S.A."
"012866","INDÚSTRIA VEROLME S.A. - IVESA"
"020508","TAIPE TRANCOSO EMPREENDIMENTOS S/A"
"012840","RIMET EMPREEND. INDS. E COMERCIAIS S/A"
"013781","SAO CARLOS EMPREEND E PARTICIPACOES S.A."
"021121","SUL AMERICA S.A."
"022616","BCO BTG PACTUAL S.A."
"013366","HAGA S.A. INDUSTRIA E COMERCIO"
"021377","BANCO INDUSTRIAL DO BRASIL"
"014010","PREDILETO ALIMENTOS SA"
"014710","SOLA SA INDS ALIMENTICIAS"
"021202","VIX LOGÍSTICA S/A"
"011320","TELEMAR NORTE LESTE SA"
"009512","PETROLEO BRASILEIRO S.A. PETROBRAS"
"004057","SOUZA CRUZ SA"
"008087","LOJAS AMERICANAS S.A."
"007811","JOAO FORTES ENGENHARIA S.A. - EM RECUPERAÇÃO JUDICIAL"
"008540","MERCANTIL BRASIL FINANC S.A. C.F.I."
"006505","VIA VAREJO S.A."
"004030","CIA SIDERURGICA NACIONAL"
"003050","AMPLA ENERGIA E SERVICOS S.A."
"003824","CIA PAULISTA DE FORCA E LUZ"
"008893","MONTEIRO ARANHA S.A."
"011207","TECNOSOLO ENGENHARIA S.A. - EMPRESA EM RECUPERAÇÃO JUDICIAL"
"020028","VALID SOLUÇÕES S.A."
"010596","SERGEN SERVS GERAIS DE ENG SA"
"006700","HOTEIS OTHON S.A. - EM RECUPERAÇÃO JUDICIAL"
"011070","WLM PART. E COMÉRCIO DE MÁQUINAS E VEÍCULOS S.A."
"018465","ULTRAPAR PARTICIPACOES S.A."
"016373","CIA ESTADUAL DE ÁGUAS E ESGOTOS - CEDAE"
"010880","SONDOTECNICA ENGENHARIA SOLOS S.A."
"009989","REFINARIA DE PETROLEOS MANGUINHOS S.A."
"003182","DOCAS INVESTIMENTOS SA"
"011231","TEKNO S.A. - INDUSTRIA E COMERCIO"
"003328","CIA HIDRO ELÉTRICA DO SÃO FRANCISCO"
"004170","VALE S.A."
"003980","GERDAU S.A."
"006696","HOTEIS E TURISMO GUANABARA SA"
"080128","LATAM AIRLINES GROUP S.A."
"016616","CIA DISTRIB DE GAS DO RIO DE JANEIRO-CEG"
"011592","UNIPAR CARBOCLORO S.A."
"001309","BCO MERCANTIL DE INVESTIMENTOS S.A."
"001724","BMG LEASING S.A. - ARREND. MERCANTIL"
"021172","AMIL PARTICIPAÇÕES S/A"
"017850","ALL - AMÉRICA LATINA LOGÍSTICA MALHA OESTE S.A."
"004820","BRASKEM S.A."
"020710","LOG-IN LOGISTICA INTERMODAL S.A."
"015458","EMBPAR PARTICIPAÇÕES S/A"
"006815","IGB ELETRONICA S.A - EM RECUPERACAO JUDICIAL"
"014052","BFB LEASING S.A. ARRENDAMENTO MERCANTIL"
"020524","EVEN CONSTRUTORA E INCORPORADORA S.A."
"014443","CIA SANEAMENTO BASICO EST SAO PAULO"
"020346","PROFARMA DISTRIB PROD FARMACEUTICOS S.A."
"000701","BAHEMA EDUCAÇÃO S.A."
"004774","CONSTRUTORA LIX DA CUNHA S.A."
"016241","SOC.DE ABASTEC.DE ÁGUA E SANEAMENTO S.A."
"020559","SANTANDER LEASING S.A. ARRENDAMENTO MERCANTIL"
"014826","CIA BRASILEIRA DE DISTRIBUICAO"
"019640","BRADESCO LEASING S.A. ARREND MERCANTIL"
"022470","MAGAZINE LUIZA S.A."
"020877","HELBOR EMPREENDIMENTOS S.A."
"021440","RESTOQUE COMÉRCIO E CONFECÇÕES DE ROUPAS S.A."
"012190","BOMBRIL S.A."
"011762","VULCABRAS S.A."
"021334","NUTRIPLANT INDUSTRIA E COMERCIO S.A."
"020494","IGUATEMI EMPRESA DE SHOPPING CENTERS S.A"
"013471","PLASCAR PARTICIPACOES INDUSTRIAIS S.A."
"022020","JSL S.A."
"002488","CERAMICA CHIARELLI SA"
"019992","TOTVS S.A."
"019755","HSBC LEASING ARRENDAMENTO MERCANTIL (BRASIL) S/A"
"012262","JPSP INVESTIMENTOS E PARTICIPAÇÕES S/A"
"012530","ITAUTEC S.A. - GRUPO ITAUTEC"
"014850","HAUSCENTER SA"
"005770","EUCATEX S.A. INDUSTRIA E COMERCIO"
"007510","INDUSTRIAS ROMI S.A."
"014559","M&G POLIÉSTER SA"
"001694","BICICLETAS MONARK S.A."
"001686","PRÓ METALURGIA SA"
"020125","ODONTOPREV S.A."
"019046","BROOKFIELD SÃO PAULO EMPREENDIMENTOS IMOBILIÁRIOS S.A."
"022381","AUTOMETAL S.A."
"014346","WHIRLPOOL S.A."
"021199","BCO PAN S.A."
"013447","POLPAR S.A."
"014931","DIXIE TOGA SA"
"009393","PARANAPANEMA S.A."
"008036","LIGHT SERVICOS DE ELETRICIDADE S.A."
"008575","MAHLE-METAL LEVE S.A."
"010472","SARAIVA LIVREIROS S.A. - EM RECUPERAÇÃO JUDICIAL"
"008672","JEREISSATI PARTICIPACOES S.A."
"022306","RAIA S.A."
"007978","LARK SA MAQ E EQUIPAMENTOS"
"012319","INDUSTRIAS J B DUARTE S.A."
"012793","FIBRIA CELULOSE S.A."
"009067","SUZANO HOLDING S.A."
"003654","CIA MELHORAMENTOS DE SAO PAULO"
"000906","BCO BRADESCO S.A."
"001384","BCO ALFA DE INVESTIMENTO S.A."
"021881","FLEURY S.A."
"001520","BARDELLA S.A. INDUSTRIAS MECANICAS EM RECUPERAÇÃO JUDICIAL"
"019348","ITAU UNIBANCO HOLDING S.A."
"004650","CONFAB INDUSTRIAL SA"
"009083","NORDON INDUSTRIAS METALURGICAS S.A."
"020680","BANCO SOFISA SA"
"014320","USINAS SID DE MINAS GERAIS S.A.-USIMINAS"
"002577","CESP - CIA ENERGETICA DE SAO PAULO"
"004723","CONSTRUTORA ADOLPHO LINDENBERG S.A."
"020885","BCO INDUSVAL S.A."
"008397","MANGELS INDUSTRIAL S.A."
"016306","ROSSI RESIDENCIAL S.A."
"009040","NADIR FIGUEIREDO IND E COM S.A."
"010456","ALPARGATAS S.A."
"004448","COBRASMA S.A."
"008427","MANUFATURA DE BRINQUEDOS ESTRELA S.A."
"001970","BRASMOTOR SA"
"002100","CAMBUCI S.A."
"005762","ETERNIT S.A. - EM RECUPERAÇÃO JUDICIAL"
"014923","SANTHER FAB DE PAPEL STA THEREZINHA S.A."
"011932","IOCHPE MAXION S.A."
"012823","SIDERURGICA J. L. ALIPERTI S.A."
"022055","MARISA LOJAS S.A."
"004758","CONSTRUTORA BETER SA"
"011975","AZEVEDO E TRAVASSOS S.A."
"001562","BAUMER S.A."
"006017","FIBAM COMPANHIA INDUSTRIAL"
"019623","DIAGNOSTICOS DA AMERICA S.A."
"007617","ITAÚSA S.A."
"019798","PARAMOUNT TEXTEIS INDUSTRIA E COMERCIO S/A"
"003190","REDE ENERGIA PARTICIPAÇÕES S.A."
"005258","RAIA DROGASIL S.A."
"014176","ELETROPAULO METROP. ELET. SAO PAULO S.A."
"015636","CIA GAS DE SAO PAULO - COMGAS"
"009415","SAO PAULO TURISMO S.A."
"019844","SAFRA LEASING SA ARRENDAMENTO MERCANTIL"
"020753","BANCO CRUZEIRO DO SUL SA"
"020567","BCO PINE S.A."
"020796","BCO DAYCOVAL S.A."
"019631","CAMARGO CORREA CIMENTOS SA"
"021466","BANCO RCI BRASIL S.A."
"014214","DIBENS LEASING S.A. - ARREND.MERCANTIL"
"020451","RNI NEGÓCIOS IMOBILIÁRIOS S.A."
"020486","CAMARGO CORREA DESENVOLVIMENTO IMOBILIARIO SA"
"020389","TC SECURITIES CIA DE SECURITIZAÇÃO"
"020702","VIVER INCORP. E CONSTRUTORA S.A. - EM RECUPERAÇÃO JUDICIAL"
"020931","MINERVA S.A."
"019496","REDFACTOR FACTORING E FOMENTO COML S/A"
"015121","CCB BRASIL ARRENDAMENTO MERCANTIL S.A."
"021032","ALGAR TELECOM S/A"
"021148","CONSTRUTORA TENDA S.A."
"019550","NATURA COSMETICOS S.A."
"014460","CYRELA BRAZIL REALTY S.A.EMPREEND E PART"
"014303","SNB PARTICIPACOES SA"
"015024","FENICIAPAR S/A"
"003336","CIA. IGUAÇU DE CAFÉ SOLÚVEL"
"014311","CIA PARANAENSE DE ENERGIA - COPEL"
"018627","CIA SANEAMENTO DO PARANA - SANEPAR"
"020974","COMPANHIA PROVIDENCIA IND E COMERCIO"
"011312","OI S.A. - EM RECUPERAÇÃO JUDICIAL"
"007595","INEPAR S.A. INDUSTRIA E CONSTRUCOES"
"002909","CIA CACIQUE CAFE SOLUVEL"
"014761","CIA HERING"
"015610","CECRISA REVESTIMENTOS CERAMICOS SA"
"008605","METALGRAFICA IGUACU S.A."
"020362","POSITIVO TECNOLOGIA S.A."
"015113","IGUACU CELULOSE PAPEL SA"
"020656","BEMATECH IND COM EQUIP ELETRONICOS SA"
"016861","CIA CATARINENSE DE AGUAS E SANEAM.-CASAN"
"011223","TEKA-TECELAGEM KUEHNRICH S.A. - EM RECUPERAÇÃO JUDICIAL"
"004146","KARSTEN S.A."
"008117","LOJAS HERING S.A."
"020141","CREMER SA"
"005380","ELECTRO ACO ALTONA S.A."
"005827","FAB TECIDOS CARLOS RENAUX SA - EM RECUPERACAO JUDICIAL"
"002038","BUETTNER SA IND E COMERCIO - EM RECUPERAÇÃO JUDICIAL"
"003549","CIA INDUSTRIAL SCHLOSSER S.A."
"007544","TEXTIL RENAUXVIEW S.A."
"013773","PBG S/A"
"002461","CENTRAIS ELET DE SANTA CATARINA S.A."
"003174","CIA DOCAS DE IMBITUBA"
"005410","WEG S.A."
"008486","MARISOL SA"
"006343","TUPY S.A."
"005207","DOHLER S.A."
"011991","WETZEL S.A. EM RECUPERAÇÃO JUDICIAL"
"008648","METALURGICA DUQUE SA"
"014664","SCHULZ S.A."
"015407","TERMINAIS PORTUARIOS PONTA DO FELIX S.A."
"013439","METALURGICA RIOSULENSE S.A."
"019801","BUDDEMEYER S/A"
"008753","METISA METALURGICA TIMBOENSE S.A."
"019658","POMIFRUTAS S/A"
"010561","SEIVA S.A. - FLORESTAS E INDÚSTRIAS"
"013285","JOSAPAR-JOAQUIM OLIVEIRA S.A. - PARTICIP"
"003298","CIA HABITASUL DE PARTICIPACOES"
"006211","FRAS-LE S.A."
"005312","MUNDIAL S.A. - PRODUTOS DE CONSUMO"
"008451","MARCOPOLO S.A."
"006378","GAZOLA SA INDÚSTRIA METALURGICA"
"014109","RANDON S.A. IMPLEMENTOS E PARTICIPACOES"
"020745","SLC AGRICOLA S.A."
"020060","LUPATECH S.A. - EM RECUPERAÇÃO JUDICIAL"
"012858","DIGITEL SA INDUSTRIA ELETRONICA"
"012653","KLABIN S.A."
"013030","CONSTRUTORA SULTEPA S.A."
"019615","GRENDENE S.A."
"013765","MINUPAR PARTICIPACOES S.A."
"020532","BCO SANTANDER (BRASIL) S.A."
"007064","IND MAQS AGRICOLAS FUCHS SA"
"012572","RECRUSUL S.A."
"006076","FINANSINOS S.A.- CREDITO FINANC E INVEST"
"013412","ÉVORA SA"
"007870","KEPLER WEBER S.A."
"004537","GRAZZIOTIN S.A."
"008192","TREVISA INVESTIMENTOS S.A."
"000140","YARA BRASIL FERTILIZANTES"
"009342","DIMED S.A. DISTRIBUIDORA DE MEDICAMENTOS"
"008656","METALURGICA GERDAU S.A."
"000094","PANATLANTICA S.A."
"001210","BCO ESTADO DO RIO GRANDE DO SUL S.A."
"003204","CIA ESTADUAL GER.TRANS.ENER.ELET-CEEE-GT"
"015822","BANRISUL ARMAZENS GERAIS SA"
"006629","HERCULES S.A. FABRICA DE TALHERES"
"008133","LOJAS RENNER S.A."
"006173","TAURUS ARMAS S.A."
"002429","IRANI PAPEL E EMBALAGEM S.A."
"016748","CIA RIOGRANDENSE DE SANEAMENTO"
"005150","DHB IND E COMERCIO SA"
"010960","SPRINGER S.A."
"013790","SDV ADM-DE SHOPPING CENTERS SA"
"013854","CEMEPE INVESTIMENTOS S.A."
"018279","RASIP AGRO PASTORIL SA"
"001570","EXCELSIOR ALIMENTOS S.A."
"004693","CONSERVAS ODERICH S.A."
"021091","DURATEX S.A."
"023000","LIGHT ENERGIA S.A."
"023060","TRIÂNGULO DO SOL AUTO-ESTRADAS S.A."
"022799","SENIOR SOLUTION S.A."
"023035","LINX S.A."
"022810","ELDORADO BRASIL CELULOSE S.A."
"020036","BRASILAGRO - CIA BRAS DE PROP AGRICOLAS"
"021709","CIA MINEIRA DE AÇUCAR E ALCOOL PARTICIPAÇÕES"
"080071","COSAN LIMITED"
"022535","COPERSUCAR S.A."
"022926","VIABAHIA CONCESSIONÁRIA DE RODOVIAS SA"
"022136","TEREOS INTERNACIONAL S/A"
"022870","COMPANHIA AURIFERA BRASILEIRA S.A."
"023086","INTERMULTIMODAL S.A."
"023078","EOX ENERGIA EÓLICA S.A."
"023027","LOUCOS POR FUTEBOL S.A."
"023094","UTILIUM PARTICIPAÇÕES S.A."
"023043","INTELLECTUAL SERVICES S.A - GESTÃO DE ATIVOS DO CONHECIMENTO"
"022977","FERREIRA GOMES ENERGIA S.A."
"022837","DROGARIAS AMERICANAS S.A."
"022900","PLAY BEVERAGE SOUTH AMERICA S.A."
"022896","EKOPARKING S.A."
"022888","INTERCOSMETIC HOLDING S.A."
"022934","ATLETAS BRASILEIROS S.A."
"023124","COMPANHIA FERRIFERA BRASILEIRA S.A."
"022772","VIGOR ALIMENTOS S.A."
"022802","REIT SECURITIZADORA DE RECEBÍVEIS IMOBILIÁRIOS S/A"
"022578","HARPIA ÔMEGA PARTICIPAÇÕES S.A."
"022586","MLOG S.A."
"023051","TECNO WASTE S.A."
"022918","ATIVOS BRASILEIROS S.A."
"022705","BRASIL TRAVEL TURISMO E PARTICIPAÇÕES S.A."
"022730","SEABRAS SERVIÇOS DE PETRÓLEO S.A"
"022640","NISA PARTICIPACOES S.A."
"022667","NAOMI PARTICIPAÇÕES S.A."
"022632","BELEZA PARTICIPAÇÕES S.A."
"022659","NOAH PARTICIPAÇÕES S.A."
"023019","FONTAINE VILLE PARTICIPAÇÕES S/A"
"080144","PACIFIC RUBIALES ENERGY CORP."
"022853","FRIGOL FOODS PARTICIPAÇÕES S.A."
"022969","RIO MONSARÁS PARTICIPAÇÕES S.A."
"080152","PPLA PARTICIPATIONS LTD."
"023574","INTERNATIONAL MEAL COMPANY ALIMENTACAO S.A."
"022942","MGI - MINAS GERAIS PARTICIPAÇÕES S.A."
"022985","NORTEC QUÍMICA S.A."
"022829","CIMENTO TUPI S.A."
"001201","BANCO BERJ S.A."
"012220","USINA COSTA PINTO SA ACUC ALC"
"019836","COSAN S.A."
"020516","SAO MARTINHO S.A."
"012181","MARAMBAIA ENERGIA RENOVÁVEL SA"
"022993","COMPANHIA DE CRÉDITO FINANCIAMENTO E INVESTIMENTO RCI BRASIL"
"518700","BRAMEX - BRASIL MERCANTIL S.A."
"009539","PETTENATI S.A. INDUSTRIA TEXTIL"
"022780","UNICASA INDÚSTRIA DE MÓVEIS S.A."
"023167","RODOVIAS DAS COLINAS S.A."
"080101","SOLVAY INDUPA SAIC"
"023264","AMBEV S.A."
"023175","IGUA SANEAMENTO S.A."
"023213","ITAQUI GERAÇÃO DE ENERGIA S.A."
"080063","BCO PATAGONIA S.A."
"023272","LOG COMMERCIAL PROPERTIES E PARTICIPAÇÕES"
"023248","ANIMA HOLDING S.A."
"023329","TERMELÉTRICA PERNAMBUCO III S.A."
"023310","CVC BRASIL OPERADORA E AGÊNCIA DE VIAGENS S.A."
"023345","SUL INVEST SECURITIZADORA S/A"
"023132","BSI CAPITAL SECURITIZADORA S.A."
"023191","DELUXE MOTORS S.A."
"023205","BR TOWERS SPE1 S.A"
"080136","TGLT S/A"
"022764","GAIA IMPACTO SECURITIZADORA S.A."
"023353","CAPITALE SECURITIZADORA DE CRÉDITO S/A"
"023108","BPMB I PARTICIPAÇÕES S.A."
"022845","BIOSEV S.A."
"022861","MBK SECURITIZADORA SA"
"023140","SMILES S.A."
"022950","AR CAPITAL SECURITIES COMPANHIA SECURITIZADORA S.A."
"023116","FINPAR PARTICIPAÇÕES S/A"
"023159","BB SEGURIDADE PARTICIPAÇÕES S.A."
"023302","QUALITY SOFTWARE S.A."
"023280","OURO VERDE LOCACAO E SERVICO S.A."
"023183","ALTUS SISTEMAS DE AUTOMAÇÃO S.A."
"023434","LIBRA TERMINAL RIO S.A. - EM RECUPERAÇÃO JUDICIAL"
"023469","PROLAGOS S/A - CONC.DE SERVICOS PÚBLICOS DE ÁGUA E ESGOTO"
"023442","ÁGUAS GUARIROBA S.A"
"080160","BANCO SANTANDER S.A."
"023531","CLARO TELECOM PARTICIPAÇÕES S.A."
"023230","RAIZEN ENERGIA S.A."
"023396","AEGEA SANEAMENTO E PARTICIPAÇÕES S.A."
"023493","DOMMO ENERGIA S.A."
"023426","OMEGA GERAÇÃO S.A."
"023388","SANTO ANTONIO ENERGIA S.A."
"023418","GAVEA SECURITIZADORA S/A"
"023299","JP PARTICIPAÇÕES S.A."
"023540","SALUS INFRAESTRUTURA PORTUARIA SA"
"023515","CONC DO AEROPORTO INTERNACIONAL DE GUARULHOS S.A."
"023370","FTL - FERROVIA TRANSNORDESTINA LOGÍSTICA S.A."
"023485","COSAN LOGISTICA S.A."
"023337","ISEC BRASIL SECURITIZADORA S/A"
"023256","CONSULT SECURITIZADORA S/A"
"023523","PORTO SUDESTE V.M. S.A."
"023450","RUMO LOGÍSTICA OPERADORA MULTIMODAL S.A."
"023736","FORNO DE MINAS ALIMENTOS S.A."
"023612","MAESTRO LOCADORA DE VEICULOS S.A."
"023680","LINHAS DE MACAPÁ TRANSMISSORA DE ENERGIA S/A"
"023671","LINHAS DE XINGU TRANSMISSORA DE ENERGIA S/A"
"023779","BS&C EMPREENDIMENTOS E PARTICIPAÇÕES S.A."
"023728","PRÁTICA PARTICIPAÇÕES S/A"
"023710","BR HOME CENTERS S.A."
"023604","YOU INC INCORPORADORA E PARTICIPAÇÃO S.A"
"023620","CBO HOLDING S.A."
"503711","ÓLEOS DE PALMA S.A. AGROINDUSTRIAL"
"023906","NASA SECURITIZADORA S.A."
"023582","ECO101 CONCESSIONÁRIA DE RODOVIAS S.A."
"023868","CONCEBRA - CONCESSIONARIA DAS RODOVIAS CENTRAIS DO BRASIL"
"023744","RENOVA COMPANHIA SECURITIZADORA DE CRÉDITOS FINANCEIROS S.A."
"023884","ECO050 CONCESSIONÁRIA DE RODOVIAS S.A."
"023400","SCCA - SECURITIZADORA DE CRÉDITOS DO AGRONEGÓCIO S.A."
"023361","SPE AKRO SECURITIZADORA S.A."
"023833","CONCESSIONÁRIA DE RODOVIA SUL-MATOGROSSENSE S.A."
"023892","CONCESSIONÁRIA BR-040 S.A."
"023477","LOGOS COMPANHIA SECURITIZADORA S/A"
"023507","OURO FINO SAUDE ANIMAL PARTICIPACOES S.A."
"023752","SEC TWO COMPANHIA SECURITIZADORA DE CRÉDITOS"
"023760","REAG SECURITIES - SECURITIZADORA DE CRÉDITOS  S/A"
"003450","COMPANHIA ITAUNENSE ENERGIA E PARTICIPAÇÕES"
"023701","ENCALSO PARTICIPAÇÕES EM CONCESSÕES S/A"
"023825","MOVIDA PARTICIPACOES SA"
"023558","LEADS CIA. SECURITIZADORA"
"023566","FORTUNATO SECURITIZADORA S/A"
"023876","GPR - PINHEIRO & RINALDO CAPITAL S/A"
"023639","FINSBURY PARTICIPAÇÕES S.A."
"023663","FOXFIELD PARTICIPAÇÕES S.A."
"023655","FOURSTONES PARTICIPAÇÕES S.A."
"023647","FRIESTON PARTICIPAÇÕES S.A."
"023809","COMPANHIA DE SANEAMENTO DO TOCANTINS - SANEATINS"
"023817","BRQ SOLUCOES EM INFORMATICA S.A."
"023590","WIZ SOLUÇÕES E CORRETAGEM DE SEGUROS S.A."
"024015","NCF PARTICIPAÇÕES S/A"
"023965","CINESYSTEM S.A."
"023930","BRASILIANA PARTICIPAÇÕES S/A"
"024104","CONCESSIONÁRIA DA RODOVIA MG-050 S.A."
"024066","TCP TERMINAL DE CONTEINERES DE PARANAGUA SA"
"023957","SUGOI S.A."
"024074","PERDIZES - SECURITIZADORA DE RECEBÍVEIS COMERCIAIS S/A"
"023973","AVAL SECURITIZADORA DE CREDITOS S.A."
"023922","CONCESSIONÁRIA ROTA DO OESTE S.A."
"024040","GAIA CRED SECURITIZADORA DE CRÉDITOS FINANCEIROS S/A."
"023850","BTGI QUARTZO PARTICIPAÇÕES S/A"
"023841","BTGI SAFIRA PARTICIPAÇÕES S/A"
"023787","RR CASA DE INVESTIMENTOS E PARTICIPAÇÕES S.A."
"023698","SENECA COMPANHIA SECURITIZADORA"
"023795","CAIXA SEGURIDADE PARTICIPAÇÕES S.A."
"023949","COMPANHIA CARIOCA DE SECURITIZAÇÃO S.A. - RIO SECURITIZAÇÃO"
"023914","COMPANHIA PARANAENSE DE SECURITIZAÇÃO - PRSEC"
"024058","CENTRO DE IMAGEM DIAGNOSTICOS S.A."
"024244","MAGNESITA MINERAÇÃO S.A."
"024252","SMILES FIDELIDADE S.A."
"023981","CTC - CENTRO DE TECNOLOGIA CANAVIEIRA S.A."
"024260","SMARTFIT ESCOLA DE GINÁSTICA E DANÇA S.A."
"024112","AZUL S.A."
"024279","INTER CONSTRUTORA E INCORPORADORA S.A."
"024350","FLEX GESTÃO DE RELACIONAMENTOS S.A."
"024287","BRASIL SECURITIZADORA S/A"
"024317","BK BRASIL OPERAÇÃO E ASSESSORIA A RESTAURANTES SA"
"024236","PRINER SERVIÇOS INDUSTRIAIS S.A."
"024090","INSTITUTO HERMES PARDINI S.A."
"024155","COMPANHIA ENERGÉTICA SINOP S/A"
"080179","BIOTOSCANA INVESTMENTS S.A."
"024163","PACIFIC RDSL PARTICIPAÇÕES S.A."
"024139","CONCESSIONÁRIA PONTE RIO-NITERÓI S.A. - ECOPONTE"
"024309","VENTURE CAPITAL PARTICIPAÇÕES E INVESTIMENTOS S/A"
"024210","ARGO TRANSMISSÃO DE ENERGIA S/A"
"024120","ARGO ENERGIA EMPREENDIMENTOS E PARTICIPAÇÕES S/A"
"024023","TRÍPLICE SECURITIZADORA DE ATIVOS MERCANTIS S/A"
"024031","TRIUNFO SECURITIZADORA DE ATIVOS S/A"
"023990","VERT COMPANHIA SECURITIZADORA"
"024198","LGT HUB PARTICIPAÇÕES S.A."
"024082","TRAVESSIA SECURITIZADORA S.A."
"024341","ENTREVIAS CONCESSIONÁRIA DE RODOVIAS S.A."
"024180","IRB - BRASIL RESSEGUROS S.A."
"024295","PETROBRAS DISTRIBUIDORA S/A"
"024171","ATACADÃO S.A."
"024201","STARA S.A. - INDÚSTRIA DE IMPLEMENTOS AGRÍCOLAS"
"024406","BANCO INTER S.A."
"024660","BBM LOGÍSTICA S.A."
"024414","DASS NORDESTE CALÇADOS E ARTIGOS ESPORTIVOS S.A"
"024490","SABER SERVIÇOS EDUCACIONAIS S.A."
"024708","NOVA TRANSPORTADORA DO SUDESTE S.A. - NTS"
"024392","HAPVIDA PARTICIPAÇÕES E INVESTIMENTOS S.A."
"024473","JHSF MALLS S.A."
"024546","PRÁTICA KLIMAQUIP INDÚSTRIA E COMÉRCIO S.A."
"024376","HRH ILHA DO SOL EMPREENDIMENTOS IMOBILIÁRIOS SPE S/A"
"024384","NOTRE DAME INTERMÉDICA PARTICIPAÇÕES S.A."
"024538","RUGE SECURITIZADORA DE CRÉDITOS FINANCEIROS S.A."
"024503","AMALFI EMPREENDIMENTOS E PARTICIPAÇÕES S.A."
"024449","USINAGEM EDLYN PARTICIPAÇÕES S.A."
"024457","EQUATORIAL TRANSMISSORA 7 SPE S.A."
"024325","EDAFO SECURITIZADORA S/A"
"024147","CIA SEC CRED FIN CARTÕES CONSIG BMG"
"024333","TOKE INVEST SECURITIZADORA S.A"
"024481","EQUATORIAL TRANSMISSORA 8 SPE S.A."
"025607","VIAPAULISTA S.A."
"024589","ENERGISA TRANSMISSÃO DE ENERGIA S/A"
"024368","RIOLOAN 2 COMPANHIA SECURITIZADORA DE CRÉDITOS FINANCEIROS"
"024422","COMPANHIA ENERGÉTICA JAGUARA"
"024430","COMPANHIA ENERGÉTICA MIRANDA"
"024686","ROMAXIS SECURITIZADORA S.A."
"024619","ESTTEIO COMPANHIA SECURITIZADORA DE CRÉDITOS"
"024635","RHC SECURITIZADORA DE CRÉDITOS S/A"
"024627","BLAU FARMACÊUTICA S.A."
"90212","MULTILASER INDUSTRIAL S.A."
"024600","BANCO BMG S/A"
"024228","CAMIL ALIMENTOS S.A."
"024554","BANRISUL CARTÕES S.A."
"024880","LM TRANSPORTES INTERESTADUAIS SERVIÇOS E COMÉRCIO S.A."
"024937","LINHA AMARELA S.A. - LAMSA"
"024813","LOCALIZA FLEET S.A."
"024910","LOCAWEB SERVIÇOS DE INTERNET S.A."
"024872","LIFEMED INDUSTRIAL DE EQUIP. E ART. MEDICOS E HOSP. S.A"
"024929","TIM S.A."
"024740","COPEL GERAÇÃO E TRANSMISSÃO S.A."
"024759","LITELA PARTICIPAÇÕES S.A. - EM LIQUIDAÇÃO"
"024767","VENTOS DO SUL ENERGIA S.A."
"024821","REDE D'OR SÃO LUIZ S.A."
"024864","ENERGISA SUL-SUDESTE - DISTRIBUIDORA DE ENERGIA S/A"
"024902","MITRE REALTY EMPREENDIMENTOS E PARTICIPAÇÕES S.A."
"025828","MOVIDA LOCAÇÃO DE VEÍCULOS S.A."
"025135","BOA VISTA SERVIÇOS S.A."
"024694","GRUPO SBF S.A."
"024775","BCBF PARTICIPAÇÕES S.A."
"025178","COMPANHIA DE GÁS DE MINAS GERAIS - GASMIG"
"025623","RIO PARANA ENERGIA S.A."
"024716","VAMOS LOCAÇÃO DE CAMINHÕES, MÁQUINAS E EQUIPAMENTOS S.A."
"024830","BRK AMBIENTAL PARTICIPAÇÕES S.A."
"024570","COPISEC SECURITIZADORA DE CRÉDITOS FINANCEIROS S.A."
"024899","CONSIGNADOS I COMPANHIA SECURITIZADORA CRÉDITOS FINANCEIROS"
"024511","COMPANHIA SECURITIZADORA DE CRÉDITOS FINANCEIROS VERT-REBEL"
"024520","COMPANHIA SECURITIZADORA DE CRÉD. FINANCEIROS VERT-NEXOOS"
"024562","GUARDIAN COMPANHIA SECURITIZADORA"
"024597","CELEO REDES TRANSMISSÃO DE ENERGIA S.A."
"024643","CASA DE PEDRA SECURITIZADORA DE CREDITO S/A"
"024651","CONTAGEM SECURITIZADORA DE CRÉDITOS S.A."
"024732","FILADÉLFIA SECURITIZADORA S/A"
"024678","SLOT URBANISMO S/A"
"024724","COBUCCIO SECURITIZADORA DE CRÉDITOS S.A."
"024848","C&A MODAS S.A."
"026069","ARMAC LOCAÇÃO, LOGÍSTICA E SERVIÇOS S.A."
"025577","EQUATORIAL GOIÁS DISTRIBUIDORA DE ENERGIA S.A."
"025160","SEQUOIA LOGÍSTICA E TRANSPORTES S.A."
"024945","USINA TERMELÉTRICA PAMPA SUL S.A."
"026166","GRUPO FARTURA DE HORTIFRUT S.A."
"025372","SENDAS DISTRIBUIDORA S.A."
"025410","SBF COMÉRCIO DE PRODUTOS ESPORTIVOS S.A."
"025003","SIMPAR S.A."
"080187","AURA MINERALS INC."
"025224","2W ECOBANK S.A."
"025100","CURY CONSTRUTORA E INCORPORADORA S.A."
"026115","GUARARAPES PAINÉIS S.A."
"025585","CSN MINERAÇÃO S.A."
"025500","BEMOBI MOBILE TECH S.A."
"025348","ELFA MEDICAMENTOS S.A."
"025470","MOSAICO TECNOLOGIA AO CONSUMIDOR S.A."
"025534","OCEANPACT SERVIÇOS MARITIMOS S.A."
"025569","ELETROMIDIA S.A."
"024988","NORTE BRASIL TRANSMISSORA DE ENERGIA S.A."
"025852","W2W E-COMMERCE DE VINHOS S.A."
"025399","NEOGRID PARTICIPAÇÕES S.A."
"025011","GRUPO DE MODA SOMA S.A."
"025437","URBA DESENVOLVIMENTO URBANO S.A."
"025704","BOA SAFRA SEMENTES S.A."
"025550","ORIZON VALORIZAÇÃO DE RESÍDUOS S.A."
"025291","3R PETROLEUM ÓLEO E GÁS S.A."
"025046","D1000 VAREJO FARMA PARTICIPAÇÕES S.A."
"025119","MELNICK DESENVOLVIMENTO IMOBILIÁRIO S.A."
"025097","NORTE ENERGIA S.A."
"025283","AERIS IND. E COM. DE EQUIP. PARA GER. DE ENG. S.A."
"024961","AMBIPAR PARTICIPAÇÕES E EMPREENDIMENTOS S.A."
"024996","RIVA INCORPORADORA S.A"
"025232","MÉLIUZ S.A."
"025321","GRANBIO INVESTIMENTOS S.A."
"025518","WESTWING COMÉRCIO VAREJISTA S.A."
"025402","HBR REALTY EMPREENDIMENTOS IMOBILIÁRIOS S.A."
"025313","HOUSI S.A."
"025542","CVLB BRASIL S.A."
"025275","ALPHAVILLE S.A."
"025259","ENJOEI S.A."
"025836","DOTZ S.A."
"025089","PET CENTER COMÉRCIO E PARTICIPAÇÕES S.A."
"025330","ALLIED TECNOLOGIA S.A."
"025658","AGROGALAXY PARTICIPAÇÕES S.A."
"025127","COMPASS GÁS E ENERGIA S.A."
"025305","PATRIMAR ENGENHARIA S.A."
"025194","TRIPLE PLAY BRASIL PARTICIPAÇÕES S.A."
"025186","GRUPO MATEUS S.A."
"025062","LAVVI EMPREENDIMENTOS IMOBILIÁRIOS S.A."
"025445","MPM CORPÓREOS S.A."
"025488","FOCUS ENERGIA HOLDING PARTICIPAÇÕES S.A."
"025615","ÁGUAS DE TERESINA SANEAMENTO SPE S.A."
"025216","COMPANHIA SECURITIZADORA DE CRÉDITOS FINANCEIROS VERT-RECARG"
"025461","MOBLY S.A."
"025356","CONCESSIONÁRIA DAS RODOVIAS INTEGRADAS DO SUL S.A."
"025020","CIA. SECURITIZADORA DE CREDITOS FINANCEIROS VERT-GYRA"
"024783","NATURA &CO HOLDING S.A."
"024791","PJBANK SECURITIZADORA S.A."
"024805","VIVARA PARTICIPAÇÕES S.A."
"025267","COMPANHIA SECURITIZADORA DE CRÉDITOS FINANCEIROS VERT-PROVI"
"024856","UP ENGENHARIA E URBANISMO S.A."
"024970","BASE SECURITIZADORA DE CRÉDITOS IMOBILIÁRIOS S.A"
"025739","CS BRASIL PARTICIPAÇÕES E LOCAÇÕES S.A."
"026107","CIA SECURITIZADORA DE CRED. FIN. CARTÕES CONSIGNADOS II"
"026263","COMPANHIA SECURITIZADORA DE CRÉDITOS FINANCEIROS VERT-VIRTUS"
"025380","EZ INC INCORPORAÇÕES COMERCIAIS S.A."
"025054","TRUE COMPANHIA SECURITIZADORA DE CRÉDITOS FINANCEIROS II"
"025631","KALUNGA S.A"
"025763","VITTIA S.A."
"025208","TRACK & FIELD CO S.A."
"024953","ALLPARK EMPREENDIMENTOS, PARTICIPAÇÕES E SERVIÇOS S.A."
"025526","CRUZEIRO DO SUL EDUCACIONAL S.A."
"025429","FARMÁCIA E DROGARIA NISSEI S.A."
"025453","INTELBRAS S.A. IND. DE TELECOMUNICAÇÃO ELETRÔNICA BRASILEIRA"
"025143","PACAEMBU CONSTRUTORA S.A."
"025038","LOJAS QUERO QUERO S.A."
"026190","CARAMURU ALIMENTOS S.A."
"026174","AES BRASIL OPERAÇÕES S.A."
"025666","LG INFORMÁTICA S.A."
"026050","UNIFIQUE TELECOMUNICAÇÕES S.A."
"026468","HOSPITAL ANCHIETA S.A."
"025496","JALLES MACHADO S.A."
"025780","PETRORECÔNCAVO S.A."
"026476","AMMO VAREJO S.A."
"026093","CLEAR SALE S.A."
"025925","BIONEXO S.A."
"026301","UNIGEL PARTICIPAÇÕES S.A."
"025895","LIVETECH DA BAHIA INDÚSTRIA E COMÉRCIO S.A."
"026425","AÇO VERDE DO BRASIL S.A"
"026557","DATORA PARTICIPAÇÕES E SERVIÇOS S.A."
"026158","ESSENTIA PCHS S.A."
"026026","DESKTOP S.A."
"026590","AURA ALMAS MINERAÇÃO S.A."
"026603","GSH CORP PARTICIPAÇÕES S.A."
"025798","KALLAS INCORPORAÇÕES E CONSTRUÇÕES S.A."
"025712","GPS PARTICIPAÇÕES E EMPREENDIMENTOS S.A."
"025976","YUNY INCORPORADORA HOLDING S.A."
"026271","ENVIRONMENTAL ESG PARTICIPAÇÕES S.A."
"026719","MANAUS TRANSMISSORA DE ENERGIA S.A"
"026140","GETNET ADQ E SERV PARA MEIOS DE PAGTO S.A. - INST PAGTO"
"025941","PRIVALIA BRASIL S.A."
"025860","BR ADVISORY PARTNERS PARTICIPAÇÕES S.A."
"026123","ONCOCLÍNICAS DO BRASIL SERVIÇOS MÉDICOS S.A."
"025682","CM HOSPITALAR S.A"
"025879","KORA SAÚDE PARTICIPAÇÕES S.A."
"026379","MADERO INDÚSTRIA E COMÉRCIO S.A."
"025887","GETNINJAS S.A."
"026638","CONCESSIONARIA ECOVIAS DO ARAGUAIA S.A."
"025690","HOSPITAL MATER DEI S.A."
"026182","LABORATÓRIO TEUTO BRASILEIRO S.A."
"026760","TECIDOS E ARMARINHOS MIGUEL BARTOLOMEU S.A."
"026336","FULWOOD S.A."
"025933","HUMBERG AGRIBRASIL COMÉRCIO E EXPORTAÇÃO DE GRÃOS S.A."
"026565","HOLDING DO ARAGUAIA S.A."
"025909","EMCCAMP RESIDENCIAL S.A."
"026085","BRISANET PARTICIPAÇÕES S.A."
"026670","ARGO VI TRANSMISSÃO DE ENERGIA S.A."
"026662","ARGO V TRANSMISSÃO DE ENERGIA S.A."
"026573","TROCAFONE S.A."
"026417","OLIVEIRA TRUST S.A."
"026654","ARGO VII TRANSMISSÃO DE ENERGIA S.A."
"026794","SELF IT ACADEMIAS HOLDING S.A."
"026689","HOLDING VERZANI E SANDRINI S.A."
"025070","PLANO & PLANO DESENVOLVIMENTO IMOBILIÁRIO S.A."
"080209","NU HOLDINGS LTD."
"026204","BLUEFIT ACADEMIAS DE GINÁSTICA E PARTICIPAÇÕES S.A."
"025771","HOSPITAL CARE CALEDONIA S.A."
"026280","COMERC PARTICIPAÇÕES S.A."
"025844","TEGRA INCORPORADORA S.A."
"025755","BANCO MODAL S.A."
"025810","ATHENA SAÚDE BRASIL SA"
"026409","VERO S.A."
"026131","ENTALPIA PARTICIPAÇÕES S.A."
"026247","WILSON SONS S.A."
"025917","RAÍZEN S.A."
"026484","RUMO MALHA CENTRAL S.A."
"026581","CONCESSIONÁRIA ECOVIAS DO CERRADO S.A."
"026018","CIA. SEC. DE CRÉDITOS FINANCEIROS VERT-PROVI II"
"025593","COMPANHIA SECURITIZADORA DE CRÉDITOS FINANCEIROS - VERT 5"
"025151","MISSISSIPI SECURITIZADORA S/A"
"025640","AES BRASIL ENERGIA S.A."
"025240","TRAVESSIA SECURITIZADORA DE CRÉDITOS FINANCEIROS S.A."
"026298","RIO ENERGY PARTICIPAÇÕES S.A."
"025720","RIO ALTO ENERGIAS RENOVÁVEIS S.A."
"080195","G2D INVESTMENTS, LTD."
"025747","INFRACOMMERCE CXAAS S.A."
"026530","CENCOSUD BRASIL COMERCIAL S.A."
"025364","HLASA PARTICIPAÇÕES S.A."
"025674","HMOBI PARTICIPAÇÕES S.A."
"026042","PLAYBANCO SECURITIZADORA S.A."
"026905","IFIN PARTICIPAÇÕES S.A."
"025968","HUMAITA SECURITIZADORA S/A"
"026360","DORI ALIMENTOS S.A."
"026034","MULTILASER INDUSTRIAL S.A."
"025801","RODOBENS SA"
"026700","EUROFARMA LABORATÓRIOS S.A."
"025984","COMPANHIA BRASILEIRA DE ALUMÍNIO"
"025992","INTERCEMENT BRASIL S.A."
"026395","ALMEIDA JUNIOR SHOPPING CENTERS S.A."
"026255","TIGRE S.A. PARTICIPAÇÕES"
"025950","TRÊS TENTOS AGROINDUSTRIAL S/A"
"026891","ELETRORIVER S.A."
"027022","V. TAL - REDE NEUTRA DE TELECOMUNICAÇÕES S.A."
"027090","TIM BRASIL SERVIÇOS E PARTICIPAÇÕES S.A."
"026883","BSB ENERGÉTICA S.A."
"027367","LIGGA TELECOMUNICAÇÕES S.A."
"026808","COPEL DISTRIBUIÇÃO S.A."
"026387","INTERPLAYERS SOLUÇÕES INTEGRADAS S.A."
"026697","FOZ DO RIO CLARO ENERGIA S.A."
"026522","CERRADINHO BIOENERGIA S.A."
"026514","ASA BRANCA HOLDING S.A."
"026921","CICLUS AMBIENTAL RIO S/A"
"026964","REAG INVESTIMENTOS S.A."
"026611","MNLT S.A."
"027138","SAFIRA HOLDING S.A."
"027111","XP INVESTIMENTOS S.A."
"027103","CHINA THREE GORGES BRASIL ENERGIA S.A."
"027057","VITRU BRASIL EMPREENDIMENTOS, PARTICIPAÇÕES E COMÉRCIO S.A."
"026972","CREDGRID SERVIÇOS FINANCEIROS S.A."
"080225","ALMACENES ÉXITO S.A."
"026816","QESTRA TECNOLOGIA ADMINISTRAÇÃO E PARTICIPAÇÕES S.A."
"026077","TC S.A."
"027197","TURBI COMPARTILHAMENTO DE VEÍCULOS S.A."
"026620","AUREN ENERGIA S.A."
"026956","OCEÂNICA ENGENHARIA E CONSULTORIA S.A."
"026948","ELEA DIGITAL INFRAESTRUTURA E REDES DE TELECOMUNICAÇÕES S.A."
"026875","EIXO SP CONCESSIONÁRIA DE RODOVIAS S.A."
"026859","CONCESSIONÁRIA CATARINENSE DE RODOVIAS S.A."
"026328","MONTE RODOVIAS S.A."
"026832","ANEMUS WIND HOLDING S.A."
"026930","AMAZONE FUN PARKS S.A."
"026999","BRK AMBIENTAL - REGIÃO METROPOLITANA DE MACEIÓ S.A."
"027154","COMPANHIA ESTADUAL DE GERAÇÃO DE ENERGIA ELÉTRICA - CEEE-G"
"026000","TERRA SANTA PROPRIEDADES AGRÍCOLAS S.A."
"027006","RIO ALTO STL HOLDING I S.A."
"026310","CIA. SECURITIZADORA DE CRED. FIN. VERT-UME"
"026239","PORTO DE VITORIA COMPANHIA SECURITIZADORA DE CREDITOS FINANC"
"027014","SOLAR BEBIDAS S.A."
"026646","CANTU STORE S.A."
"026344","MOTTU I S.A"
"026352","RODOVIAS DO BRASIL HOLDING S.A."
"026220","CERES SECURITIZADORA S/A"
"026212","CANAL COMPANHIA DE SECURITIZAÇÃO"
"027294","CONCESSIONARIA ROTA DE SANTA MARIA S.A"
"026433","ALVAREZ & MARSAL INVESTIMENTOS I S.A."
"026735","ÁGUAS DO RIO 1 SPE S.A."
"026727","IGUÁ RIO DE JANEIRO S.A."
"026441","SERENA ENERGIA S.A."
"026492","TRUE SECURITIZADORA DE CREDITOS FINANCEIROS IV S.A."
"026743","ÁGUAS DO RIO 4 SPE S.A."
"080217","INTER & CO, INC."
"057886","INTER & CO, INC."
"026778","VERT-11 COMPANHIA SECURITIZADORA DE CRÉDITOS FINANCEIROS"
"026450","VERT-9 COMPANHIA SECURITIZADORA DE CRÉDITOS FINANCEIROS"
"026751","VERT-10 COMPANHIA SECURITIZADORA DE CRÉDITOS FINANCEIROS"
"026824","TRAVESSIA SECURITIZADORA DE CRÉDITOS MERCANTIS VI S.A."
"026913","VIA BRASIL BR 163 CONCESSIONÁRIA DE RODOVIAS S.A."
"027030","ALTHAIA S.A. INDÚSTRIA FARMACÊUTICA"
"026867","UNIÃO QUÍMICA FARMACÊUTICA NACIONAL S.A."
"027065","COMPANHIA DO METROPOLITANO DE SÃO PAULO - METRÔ"
"026549","CLARANET TECHNOLOGY S.A."
"026786","SENIOR SISTEMAS S.A."
"026980","BORRACHAS VIPAL S.A."
"014206","BRB BANCO DE BRASILIA S.A."
"014451","COMPANHIA ENERGÉTICA DE BRASÍLIA - CEB"
"020990","AMERICANAS S.A. - EM RECUPERAÇÃO JUDICIAL"
"021733","CIELO S.A. -  INSTITUIÇÃO DE PAGAMENTO"
"015709","RUMO MALHA SUL S.A."
"027189","VOTORANTIM CIMENTOS S.A."
"020044","CSU DIGITAL S.A."
"027200","PETRO RIO JAGUAR PETRÓLEO S.A."
"016705","YBYRÁ CAPITAL S.A."
"017868","INEPAR EQUIPAMENTOS E MONTAGENS S/A - EM RECUPERACAO JUDICIA"
"017493","CAPITALPART PARTICIPACOES S.A."
"018554","PAN FINANCEIRA S.A. - CRÉDITO, FINANCIAMENTO E INVESTIMENTO"
"018236","CONFIANZA SECURITIZADORA SA"
"018406","OPEA SECURITIZADORA S.A."
"020478","PDG REALTY S.A. EMPREEND E PARTICIPACOES"
"027049","ORIZON MEIO AMBIENTE S.A."
"019879","LIGHT S.A. - EM RECUPERAÇÃO JUDICIAL"
"019100","ATMA PARTICIPAÇÕES S.A. - EM RECUPERAÇÃO JUDICIAL"
"027391","BRZ EMPREENDIMENTOS E CONSTRUÇÕES S.A."
"022799","SINQIA S.A."
"027324","AGASUS S.A."
"021555","LOCAMÉRICA RENT-A-CAR S.A."
"022357","ALLOS S.A."
"019720","SECME - COMPANHIA SECURITIZADORA DE CRÉDITOS IMOBILIÁRIOS"
"020630","FICA EMPREENDIMENTOS IMOBILIÁRIOS S.A."
"027430","ALUBAR METAIS E CABOS S.A."
"024546","PRÁTICA PRODUTOS S.A."
"021180","NEXPE PARTICIPAÇÕES S.A"
"020818","VIRGO COMPANHIA DE SECURITIZAÇÃO"
"021040","SYN PROP & TECH S.A."
"021342","OSX BRASIL S.A. - EM RECUPERAÇÃO JUDICIAL"
"023426","SERENA GERAÇÃO S.A."
"022446","K-INFRA RODOVIA DO AÇO S.A."
"021644","PDG COMPANHIA SECURITIZADORA"
"024279","INC EMPREENDIMENTOS IMOBILIÁRIOS S.A."
"022691","COMPANHIA DE LOCAÇÃO DAS AMÉRICAS"
"022187","PRIO S.A."
"024350","FLEX GESTÃO DE RELACIONAMENTOS S.A.-EM RECUPERAÇÃO JUDICIAL"
"022250","ORE  SECURITIZADORA SA"
"024317","ZAMP SA"
"027260","CORREDOR LOGÍSTICA E INFRAESTRUTURA S.A."
"001244","BANCO BESA S.A."
"027405","CONCESSIONÁRIA VIARIO S.A."
"027383","LETS RENT A CAR S/A"
"005983","FIACAO E TECELAGEM SAO JOSE SA EM RECUPERACAO JUDICIAL"
"027120","EMPRESA BRASILEIRA DE ENGENHARIA E COMÉRCIO S.A. EBEC"
"003271","ENERGISA MINAS RIO - DISTRIBUIDORA DE ENERGIA S/A"
"020621","FERTILIZANTES HERINGER S.A."
"022012","MILLS LOCAÇÃO, SERVIÇOS E LOGÍSTICA S.A."
"027340","CONSTRUTORA METROCASA S.A."
"024333","AUZZA SECURITIZADORA S. A."
"027456","ECORIOMINAS CONCESSIONÁRIA DE RODOVIAS S.A."
"027227","ORIGEM ENERGIA S.A."
"021202","VIX LOGÍSTICA S.A."
"008540","CREDITAQUI FINANCEIRA S.A. - C.F.I."
"006505","GRUPO CASAS BAHIA S.A."
"024295","VIBRA ENERGIA S/A"
"027251","INSPIRALI EDUCAÇÃO S.A."
"017850","RUMO MALHA OESTE S.A."
"027308","REFINARIA DE MANAUS S.A."
"027073","SOLVI ESSENCIS AMBIENTAL S.A."
"027235","VRENTAL LOCAÇÃO DE MÁQUINAS E EQUIPAMENTOS S.A."
"023590","WIZ CO PARTICIPAÇÕES E CORRETAGEM DE SEGUROS S.A."
"027146","RIO+ SANEAMENTO BL 3 S.A."
"024058","ALLIANÇA SAÚDE E PARTICIPAÇÕES S.A."
"027413","AUTOMOB S.A."
"027243","CLI SUL S.A."
"027421","CONCESSIONÁRIA DO SISTEMA RODOVIÁRIO RIO-SÃO PAULO S.A"
"027359","ÁGUAS DO SERTÃO S.A."
"016241","SOCIEDADE ABASTECIMENTO DE ÁGUA E SANEAMENTO S.A - SANASA"
"027081","NOVA SOCIEDADE DE NAVEGAÇÃO S.A."
"021440","VESTE S.A. ESTILO"
"007510","ROMI S.A."
"009393","PARANAPANEMA S.A. - EM RECUPERAÇÃO JUDICIAL"
"008672","IGUATEMI S.A."
"016306","ROSSI RESIDENCIAL S.A. - EM RECUPERAÇÃO JUDICIAL"
"020567","BCO PINE S.A"
"020702","VIVER INCORPORADORA E CONSTRUTORA S.A."
"023280","UNIDAS LOCAÇÕES E SERVIÇOS S.A."
"007595","INEPAR S.A. INDUSTRIA E CONSTRUCOES EM RECUPERACAO JUDICIAL"
"027219","GRANJA FARIA S.A."
"011991","WETZEL S.A."
"015407","PORTO PONTA DO FELIX S/A"
"019658","POMIFRUTAS S/A EM RECUPERACAO JUDICIAL"
"020060","LUPATECH S.A"
"013030","CONSTRUTORA SULTEPA S.A. - EM RECUPERAÇÃO JUDICIAL"
"006076","DM FINANCEIRA S.A. - CRÉDITO, FINANCIAMENTO E INVESTIMENTO"
"003204","CIA ESTADUAL DE TRANSMISSÃO DE ENERGIA ELETRICA - CEEE-T"
"021091","DEXCO S.A."
"027375","BRASIL BIOFUELS S.A."
"027316","BRAZIL TOWER, CESSÃO DE INFRA-ESTRUTURAS S.A"
"026280","COMERC ENERGIA S.A."
"027332","HÉLIO VALGAS SOLAR PARTICIPAÇÕES S.A."
"027448","PARSAN S.A."
"027162","UNIDAS LOCADORA S.A."
"027464","CONCESSIONÁRIA DE RODOVIAS NOROESTE PAULISTA S.A"
"027278","DESCARBONIZE SOLUÇÕES S.A."
"024910","LWSA S/A"
"026034","GRUPO MULTI S.A."
"003204","CPFL TRANSMISSÃO S.A."
